val_BLEU_4,epoch,train_loss,val_BLEU_1,val_BLEU_2,val_BLEU_3,val_METEOR,val_ROUGE_L,test_BLEU_1,test_BLEU_2,test_BLEU_3,test_BLEU_4,test_METEOR,test_ROUGE_L,time,seed,best_model_from
0.0565972308607382,7,1.7531182136246148,0.234481201475219,0.1247045621842245,0.0798780169504361,0.0884258241027818,0.1852337988558269,0.2337987391444647,0.1199131800264235,0.0735864641578995,0.0496197646508178,0.0866359047435237,0.181475992799469,Mon Dec 11 09:29:19 2023,456789,val
0.0542733229083079,5,2.083609720374735,0.2747025419145447,0.1330704013893907,0.0799617243227591,0.1025656516993313,0.1883960663529787,0.2716523196259372,0.1319292803828068,0.0775681835507563,0.0512411693625575,0.1013688048114297,0.1870354825231361,Mon Dec 11 09:29:19 2023,456789,test
0.197166156301937,27,1.1079945886109184,0.4244391307699703,0.3090431639451085,0.2423957546204503,0.1894009203856905,0.3521960407473721,0.4009060380314914,0.2841284173800583,0.2190111372838425,0.1757862328608941,0.1764497575104328,0.3325274321503063,Tue Dec 12 02:29:17 2023,456789,val
0.1956206203837293,29,1.1047769019196128,0.4223476916255783,0.3068395870920382,0.240370792105686,0.188037515941433,0.3495742349462193,0.4022363551225975,0.2857704741917389,0.2207094570009163,0.1774982291927353,0.1768635030762715,0.3329119984088415,Tue Dec 12 02:29:17 2023,456789,test
0.197166156301937,27,1.1079945886109184,0.4244391307699703,0.3090431639451085,0.2423957546204503,0.1894009203856905,0.3521960407473721,0.4009060380314914,0.2841284173800583,0.2190111372838425,0.1757862328608941,0.1764497575104328,0.3325274321503063,Thu Dec 14 08:40:50 2023,456789,val
0.1956206203837293,29,1.1047769019196128,0.4223476916255783,0.3068395870920382,0.240370792105686,0.188037515941433,0.3495742349462193,0.4022363551225975,0.2857704741917389,0.2207094570009163,0.1774982291927353,0.1768635030762715,0.3329119984088415,Thu Dec 14 08:40:50 2023,456789,test
0.1967466234586174,18,1.295177956860481,0.4145136304254905,0.3040821823525579,0.2401606215777973,0.1848409133338149,0.3441992368421986,0.3954849584217644,0.2799873648163856,0.2155637175739691,0.1731946524426595,0.1732096183849676,0.3288924264799064,Thu Dec 14 08:44:11 2023,456789,val
0.1950044311610086,27,1.2332070106265025,0.4155292539255785,0.3035581604882437,0.2388234074072361,0.1845993109721334,0.343366983685113,0.400999707347253,0.2850393299412866,0.2202829241513563,0.1775110891707733,0.1749057616353648,0.3330149473643515,Thu Dec 14 08:44:11 2023,456789,test
0.060040199869837,16,1.5168610070874462,0.2506848723391778,0.1326437936760262,0.0848510073589915,0.096700257599535,0.1951658387127617,0.2404661725771694,0.1210259750038084,0.073255807196248,0.04899427349722,0.0909664810849335,0.1854744453757367,Thu Dec 14 09:03:42 2023,456789,val
0.056886542219987,13,1.6080467405647854,0.2433788827806373,0.1295074926676683,0.0815129348399083,0.0956655985940219,0.1884060460316854,0.2396699212123639,0.1241656921029956,0.0754315095535209,0.0512134924882707,0.0927961232350113,0.1847334676303497,Thu Dec 14 09:03:42 2023,456789,test
0.1476491234722433,30,1.2803659960803162,0.3681614494825755,0.2496676191708725,0.1868677121211032,0.1583365719142697,0.2899778046148705,0.3491020761409826,0.2320230933372004,0.1714702317191226,0.1345703975246285,0.14931546169131,0.2807924346447732,Fri Dec 15 02:36:07 2023,456789,val
0.1453315538687899,27,1.2836386874028674,0.3663475801900839,0.247157720721968,0.1843732040235789,0.1574388604933622,0.2890172892669032,0.3533814806162692,0.2346746685805182,0.1734270270582129,0.1360372033000209,0.1502464354880587,0.2804982408731449,Fri Dec 15 02:36:07 2023,456789,test
0.065148954086487,25,1.3035310646058853,0.3320354385187206,0.1688318623437607,0.098021656230627,0.1287958160055633,0.195517931401169,0.3240679094540593,0.1638329336775331,0.0950280581611942,0.0630777463290065,0.1223377970925459,0.1902164505904283,Fri Dec 15 02:37:50 2023,456789,val
0.065148954086487,25,1.3035310646058853,0.3320354385187206,0.1688318623437607,0.098021656230627,0.1287958160055633,0.195517931401169,0.3240679094540593,0.1638329336775331,0.0950280581611942,0.0630777463290065,0.1223377970925459,0.1902164505904283,Fri Dec 15 02:37:50 2023,456789,test
0.0994188428417495,24,1.5952179212830429,0.2693634187713682,0.1747817061164394,0.1274691093669434,0.1195304072729161,0.2354976886077685,0.2496445435232596,0.1565046348793855,0.11155382450581,0.0855086052673248,0.1106527019952549,0.2260206870019921,Fri Dec 15 10:05:58 2023,456789,val
0.0994188428417495,24,1.5952179212830429,0.2693634187713682,0.1747817061164394,0.1274691093669434,0.1195304072729161,0.2354976886077685,0.2496445435232596,0.1565046348793855,0.11155382450581,0.0855086052673248,0.1106527019952549,0.2260206870019921,Fri Dec 15 10:05:58 2023,456789,test
0.0137906922621098,1,5.318818585092132,0.1290351105331592,0.0566005556029909,0.0297090494768309,0.045456274948152,0.1202042537223721,0.1307204161248367,0.0572498984131191,0.0302019497624291,0.0140803268101268,0.0463318030545665,0.1205845489451919,Fri Dec 15 10:36:37 2023,456789,val
0.0137906922621098,1,5.318818585092132,0.1290351105331592,0.0566005556029909,0.0297090494768309,0.045456274948152,0.1202042537223721,0.1307204161248367,0.0572498984131191,0.0302019497624291,0.0140803268101268,0.0463318030545665,0.1205845489451919,Fri Dec 15 10:36:37 2023,456789,test
0.0333749451687922,29,3.318666747317048,0.2269830949284755,0.0989654665588618,0.054491416344425,0.0841764305351416,0.1700945180674377,0.2230949284785406,0.0961379652693095,0.0522183589022928,0.031548937308867,0.0830327424019916,0.1661774533117477,Sat Dec 16 20:21:46 2023,456789,val
0.0333749451687922,29,3.318666747317048,0.2269830949284755,0.0989654665588618,0.054491416344425,0.0841764305351416,0.1700945180674377,0.2230949284785406,0.0961379652693095,0.0522183589022928,0.031548937308867,0.0830327424019916,0.1661774533117477,Sat Dec 16 20:21:46 2023,456789,test
0.1869331458411932,26,1.1759753394980947,0.4133859242036598,0.2968345731726112,0.2308426678398804,0.1828817315556557,0.3373444038667384,0.3970819103032409,0.2794755842071384,0.213651319747385,0.1704495617909113,0.174470411242392,0.3272929180097892,Sun Dec 17 17:10:15 2023,456789,val
0.1869331458411932,26,1.1759753394980947,0.4133859242036598,0.2968345731726112,0.2308426678398804,0.1828817315556557,0.3373444038667384,0.3970819103032409,0.2794755842071384,0.213651319747385,0.1704495617909113,0.174470411242392,0.3272929180097892,Sun Dec 17 17:10:15 2023,456789,test
0.0534177614838337,9,1.6598566367214616,0.2468943924366418,0.1337487466309148,0.0811284039995229,0.0925864700681617,0.1980719257358018,0.2430533159261127,0.1269420004154547,0.0749808848481584,0.0490232973391119,0.0894671713512215,0.1928147820830542,Sun Dec 17 17:13:00 2023,456789,val
0.0534177614838337,9,1.6598566367214616,0.2468943924366418,0.1337487466309148,0.0811284039995229,0.0925864700681617,0.1980719257358018,0.2430533159261127,0.1269420004154547,0.0749808848481584,0.0490232973391119,0.0894671713512215,0.1928147820830542,Sun Dec 17 17:13:00 2023,456789,test
0.038797408510287,22,2.601390434998258,0.1924961160431919,0.0958521161124184,0.0579195195606253,0.0727162152489481,0.1655309365977341,0.1869013787286473,0.0926413936491233,0.0554389388066611,0.0370952031903531,0.0697611075760868,0.1635801812547266,Mon Dec 18 09:23:27 2023,456789,val
0.0386400127583674,27,2.592122323617281,0.1903568388982425,0.0946688959433261,0.0572715668903259,0.0718232461637202,0.1641423364759565,0.188450080983613,0.0941106803852767,0.057261522395924,0.0387299183929068,0.0703872040884986,0.1649139254080215,Mon Dec 18 09:23:27 2023,456789,test
0.0487428716499928,14,2.672423162864538,0.2349252128505975,0.1164349068787612,0.0701079870604823,0.0975767810989772,0.1707991445080603,0.2310556831500515,0.1125942783095425,0.0666929326475395,0.0456039285270212,0.0945433931466266,0.1644909432144186,Mon Dec 18 09:49:59 2023,456789,val
0.0487428716499928,14,2.672423162864538,0.2349252128505975,0.1164349068787612,0.0701079870604823,0.0975767810989772,0.1707991445080603,0.2310556831500515,0.1125942783095425,0.0666929326475395,0.0456039285270212,0.0945433931466266,0.1644909432144186,Mon Dec 18 09:49:59 2023,456789,test
0.147245825194109,29,1.2886341865818165,0.3664413423525019,0.2476671744621921,0.1854810937795084,0.156918422656776,0.2904213209834204,0.3625362821563567,0.2449606677125462,0.182967074735263,0.1447226985347869,0.1541386542122942,0.2930470037508452,Mon Dec 18 13:24:23 2023,456789,val
0.147245825194109,29,1.2886341865818165,0.3664413423525019,0.2476671744621921,0.1854810937795084,0.156918422656776,0.2904213209834204,0.3625362821563567,0.2449606677125462,0.182967074735263,0.1447226985347869,0.1541386542122942,0.2930470037508452,Mon Dec 18 13:24:23 2023,456789,test
0.0615186500875259,23,1.294445733286644,0.3156192629876821,0.1581493183267628,0.091344673809964,0.1171025577968654,0.1741685243751697,0.3062758429472092,0.1489671565303766,0.0838780252543883,0.0551790561651596,0.1144456828733844,0.1724201618452019,Mon Dec 18 13:28:16 2023,456789,val
0.060738138305101,25,1.2877339267986978,0.3142246708196781,0.1566952161851935,0.0903017774175832,0.1178449693035493,0.1742484418125262,0.3068338084361721,0.1497733026555823,0.084575071558877,0.0558243076224226,0.116799368386232,0.1745058088783778,Mon Dec 18 13:28:16 2023,456789,test
0.1241615870904293,19,2.523397505045984,0.3303487407729403,0.2193899373212639,0.1610206903785966,0.1351926080399716,0.2775466673102026,0.31985243617074,0.2058945233085987,0.1474432373099739,0.1111979143105764,0.1291720509646541,0.2685014684684035,Mon Dec 18 14:53:02 2023,456789,val
0.1239761698899667,28,2.4943487692541977,0.3315191448389393,0.2201183884256235,0.1612568632594893,0.1356218514488508,0.2776455232446769,0.3231543173103867,0.2083115273453578,0.1489786195249158,0.1121314037972429,0.1309479525478316,0.2706443935618,Mon Dec 18 14:53:02 2023,456789,test
6.105889543283395e-12,30,5.893813529079695,0.0991417425227555,0.0027952659347896,4.697837058130164e-09,0.0177913697038573,0.1000995439899167,0.0983615084525344,0.0040982976699354,6.062962204567044e-09,7.393313587239485e-12,0.017681687771083,0.0993720228019383,Mon Dec 18 14:58:46 2023,456789,val
6.105889543283395e-12,30,5.893813529079695,0.0991417425227555,0.0027952659347896,4.697837058130164e-09,0.0177913697038573,0.1000995439899167,0.0983615084525344,0.0040982976699354,6.062962204567044e-09,7.393313587239485e-12,0.017681687771083,0.0993720228019383,Mon Dec 18 14:58:46 2023,456789,test
0.1442735054061815,21,1.2083694930400295,0.3725944155630978,0.2491894746961097,0.184833369372863,0.1585621522597866,0.2895413777917824,0.358644522954339,0.2358989309173154,0.1721304169919719,0.1323345157935913,0.1494998138974566,0.281844932556489,Mon Dec 18 15:05:51 2023,456789,val
0.1406899700186021,25,1.1882719588036057,0.3691554972962443,0.2456340853589753,0.181177807410118,0.1562368695921505,0.287362015286867,0.3652178054104498,0.2419561977944214,0.1772363941545284,0.1366299762600823,0.1531253004049468,0.2875710374051048,Mon Dec 18 15:05:51 2023,456789,test
0.1500167631401781,23,1.1230120820009062,0.3738159103293388,0.2515431831218599,0.1890596024785009,0.1562017811232584,0.2907074693683364,0.3632111765263292,0.2363665054858522,0.1735572516371867,0.1347456420639498,0.1487827203695474,0.2799198954432507,Mon Dec 18 16:05:34 2023,456789,val
0.149395377336946,22,1.1298144175192664,0.3759919379911395,0.2522465190681104,0.1889821193601999,0.1573948400714074,0.2911234872244414,0.3631286495886628,0.2385197962191785,0.1756331981157187,0.1367266976648178,0.1495219293638301,0.2820133945846119,Mon Dec 18 16:05:34 2023,456789,test
0.0666946445699319,10,2.84710609075772,0.2991490745341977,0.1573386410864431,0.0965104517936288,0.1129960234517074,0.1980318952094478,0.2974780261549808,0.1525076803039296,0.091617226121232,0.062164057161642,0.1128167371633308,0.1909899218961606,Mon Dec 18 22:51:20 2023,456789,val
0.0666946445699319,10,2.84710609075772,0.2991490745341977,0.1573386410864431,0.0965104517936288,0.1129960234517074,0.1980318952094478,0.2974780261549808,0.1525076803039296,0.091617226121232,0.062164057161642,0.1128167371633308,0.1909899218961606,Mon Dec 18 22:51:20 2023,456789,test
0.0194500967810023,4,3.95976626991218,0.2057321196358897,0.0792058838315584,0.0375849058118577,0.0717824276550382,0.1636637049656784,0.2010299089726907,0.0766626701538134,0.0365390225836461,0.0194042401343388,0.0700679908415549,0.1602310569849931,Mon Dec 18 23:43:41 2023,456789,val
0.0194500967810023,4,3.95976626991218,0.2057321196358897,0.0792058838315584,0.0375849058118577,0.0717824276550382,0.1636637049656784,0.2010299089726907,0.0766626701538134,0.0365390225836461,0.0194042401343388,0.0700679908415549,0.1602310569849931,Mon Dec 18 23:43:41 2023,456789,test
0.054492455959975,12,2.671354571790937,0.2399441725980955,0.1224107128613137,0.0767669733275702,0.0918801707556527,0.1867308500074335,0.2323716642067093,0.1166527450158466,0.070072059658216,0.0470884153618849,0.0878180834022126,0.1808275319224386,Tue Dec 19 08:05:15 2023,456789,val
0.0504423576787822,9,2.768772794929259,0.2245348625197892,0.1163946075499199,0.0721891253790657,0.0864483035464336,0.1843504527219997,0.2244442545229495,0.114822639245958,0.069690569122429,0.0477776560663813,0.0858071610227128,0.1845377732965727,Tue Dec 19 08:05:15 2023,456789,test
0.1845701685576257,22,1.081126516044833,0.4099150246956111,0.2932334738856169,0.2278311465115302,0.1790032340323166,0.3371726576629122,0.3903882004684814,0.2737182713196575,0.2089350542037304,0.1667365538927272,0.168965441170099,0.3241529612083373,Tue Dec 19 10:49:00 2023,456789,val
0.1843071101944085,28,1.0599167319638376,0.4116908601903723,0.2939475160519089,0.2280633611485444,0.1794687838556872,0.3368179089139218,0.3962400193623782,0.2788021420110711,0.2131557911619683,0.170223265315175,0.1725775508944826,0.3277573630025199,Tue Dec 19 10:49:00 2023,456789,test
0.1370747267165643,21,1.41579957686665,0.3393638597670423,0.2271635402581954,0.1713527466459861,0.1429837350901612,0.2745247140340499,0.33306012373499,0.2173238658071225,0.1597379878065883,0.124708231154997,0.1383325077409394,0.270609677101576,Tue Dec 19 14:06:33 2023,456789,val
0.1369860181996828,29,1.3869648441606928,0.3418006015297591,0.2281760546123414,0.1716509124432287,0.1447831121082461,0.277542275687928,0.3348873788141977,0.2195891886999078,0.1613694748869686,0.125850953957806,0.1392874367898691,0.2739043327219881,Tue Dec 19 14:06:33 2023,456789,test
0.0803127213476108,7,1.851152973106647,0.2649202463128318,0.1541170233525209,0.1064976957404945,0.0982921911370242,0.2137127181771639,0.2619895505330779,0.1479490071071303,0.0993792006378829,0.0728566674642063,0.0971940861503126,0.2099033119121345,Tue Dec 19 14:08:54 2023,456789,val
0.0803127213476108,7,1.851152973106647,0.2649202463128318,0.1541170233525209,0.1064976957404945,0.0982921911370242,0.2137127181771639,0.2619895505330779,0.1479490071071303,0.0993792006378829,0.0728566674642063,0.0971940861503126,0.2099033119121345,Tue Dec 19 14:08:54 2023,456789,test
0.176333080040024,21,1.1572505920593747,0.4020109696246347,0.2849444564180032,0.2196344092803012,0.1774890704587969,0.329423241903132,0.3878984906694172,0.2718907804899657,0.2073810823950162,0.1652796882904949,0.1692751232342376,0.3201011405482821,Tue Dec 19 15:20:18 2023,456789,val
0.1742971981518699,28,1.129352570481729,0.3967697728512523,0.2808093868520377,0.216679622062981,0.1754032163196337,0.3246644507067778,0.3909350727974597,0.2755436587744013,0.2109247932282425,0.1684501732532893,0.1713020840459195,0.3231417740221218,Tue Dec 19 15:20:18 2023,456789,test
0.0543546611516549,16,2.6406956591409654,0.2581293908222438,0.1327022298833063,0.0804945103431506,0.0995383656066214,0.195929372602577,0.2519848159879962,0.1271420848003283,0.0751559489839935,0.0494442798694877,0.097676221456085,0.1911417065736758,Tue Dec 19 16:21:32 2023,456789,val
0.0506584330290082,19,2.6201409005374687,0.2532443856261191,0.1280933581194718,0.0762212485363994,0.0968762459202943,0.1950699027336145,0.2474100252971625,0.1263238118795636,0.0762556855335533,0.0510920353274819,0.0943196555797608,0.1919676452172629,Tue Dec 19 16:21:32 2023,456789,test
0.1031446478235171,30,2.6583033559604106,0.310675035017774,0.1994436500851593,0.1404657652120984,0.1244073290163715,0.2599531699527131,0.3085327289260418,0.1951408716331072,0.1357945440114564,0.0982964764507269,0.1226635830970376,0.259224563614075,Tue Dec 19 20:13:13 2023,456789,val
0.1021870129957478,21,2.6801170847234554,0.3095654984780283,0.1979757871481349,0.1393156253389928,0.1238488149790084,0.2604867723866166,0.3106690728503736,0.1974916762029476,0.13781712079363,0.1002434433690301,0.1236741936044779,0.2621979648533448,Tue Dec 19 20:13:13 2023,456789,test
0.0388811258996502,30,2.6809009456733346,0.1655991379401052,0.0940540319900079,0.0591153241467493,0.0647871793049599,0.1494532802534661,0.1678937891569226,0.0937163337189377,0.058208090747178,0.0379371374918191,0.0652128005855594,0.1529994516093929,Tue Dec 19 20:37:02 2023,456789,val
0.0388811258996502,30,2.6809009456733346,0.1655991379401052,0.0940540319900079,0.0591153241467493,0.0647871793049599,0.1494532802534661,0.1678937891569226,0.0937163337189377,0.058208090747178,0.0379371374918191,0.0652128005855594,0.1529994516093929,Tue Dec 19 20:37:02 2023,456789,test
1.8560997546198534e-12,30,5.968021112858707,0.0823250975292583,0.0006556971311169,1.3112218635290302e-09,0.0167955397821563,0.0875353201678896,0.0836618985695704,0.0009347942069866,1.660930020002577e-09,2.216193505018257e-12,0.0171421804227067,0.0885615854218911,Tue Dec 19 21:24:17 2023,456789,val
1.8560997546198534e-12,30,5.968021112858707,0.0823250975292583,0.0006556971311169,1.3112218635290302e-09,0.0167955397821563,0.0875353201678896,0.0836618985695704,0.0009347942069866,1.660930020002577e-09,2.216193505018257e-12,0.0171421804227067,0.0885615854218911,Tue Dec 19 21:24:17 2023,456789,test
0.1255337032612625,27,2.606364480928265,0.3411032782400032,0.2249941360371165,0.1642023381165037,0.1386842081437333,0.2852625698552443,0.3200574952791257,0.2068109292343047,0.1477786154073463,0.1106429809984212,0.1281852022552312,0.267084889272527,Wed Dec 20 07:27:32 2023,456789,val
0.1225245785284492,22,2.6214547171190827,0.3372218290756179,0.2210860935693442,0.1606657257043728,0.1368433445047689,0.2828941562254672,0.3199799615138195,0.2079283486531462,0.1494105608130835,0.1126537522640321,0.1282679879482544,0.2688251437831211,Wed Dec 20 07:27:32 2023,456789,test
6.105889543283395e-12,30,5.893813529079695,0.0991417425227555,0.0027952659347896,4.697837058130164e-09,0.0177913697038573,0.1000995439899167,0.0983615084525344,0.0040982976699354,6.062962204567044e-09,7.393313587239485e-12,0.017681687771083,0.0993720228019383,Thu Dec 21 08:23:27 2023,456789,val
6.105889543283395e-12,30,5.893813529079695,0.0991417425227555,0.0027952659347896,4.697837058130164e-09,0.0177913697038573,0.1000995439899167,0.0983615084525344,0.0040982976699354,6.062962204567044e-09,7.393313587239485e-12,0.017681687771083,0.0993720228019383,Thu Dec 21 08:23:27 2023,456789,test
0.0272586860918983,28,2.576580900122425,0.2241352405721687,0.0997840454704674,0.0517011846658588,0.07583640558284,0.170120033108495,0.2218725617685276,0.0970825196819267,0.0484252461927446,0.0236931031869374,0.0748523586890084,0.1675136561888593,Mon Jan  1 14:42:57 2024,456789,val
0.0257310676610758,21,2.587573056151637,0.2536540962288653,0.1026410546066249,0.0484784956710873,0.0868763024186674,0.1681240838240294,0.2488426527958355,0.0992716641533301,0.046902039788468,0.0245120371630192,0.0858221843342276,0.1653984626162888,Mon Jan  1 14:42:57 2024,456789,test
0.0454148572336609,8,3.0237782491838514,0.261755526657994,0.1264290678460636,0.0712033353117583,0.0910804489978357,0.1811150522758468,0.2530559167750292,0.1192192345582948,0.0657628351466826,0.0409982604022008,0.0878069938668167,0.1743744640318531,Mon Jan  1 15:19:33 2024,456789,val
0.0447681623445012,7,3.0973853413669588,0.2629518855656663,0.1255814031058836,0.0703108950295383,0.090845217984122,0.1836120033008002,0.2554486345903737,0.1194027670188386,0.0659029868791564,0.04120161972758,0.0879492108380011,0.1769290388906068,Mon Jan  1 15:19:33 2024,456789,test
0.0307235741018944,16,1.3030683907894576,0.2616254876462904,0.1173900924176187,0.0583239242515302,0.104358868718527,0.1830287101172581,0.2584655396618951,0.1139259623825978,0.054846994628915,0.0278760201395715,0.1035274095768083,0.1813236246504508,Mon Jan  1 19:32:33 2024,456789,val
0.0307235741018944,16,1.3030683907894576,0.2616254876462904,0.1173900924176187,0.0583239242515302,0.104358868718527,0.1830287101172581,0.2584655396618951,0.1139259623825978,0.054846994628915,0.0278760201395715,0.1035274095768083,0.1813236246504508,Mon Jan  1 19:32:33 2024,456789,test
0.045785773014968,25,1.224863422729356,0.253680104031206,0.1177925427279998,0.0680553564174579,0.0964385203616208,0.1803966907051743,0.2484135240572139,0.1137296424136021,0.0642036573831182,0.041915545351601,0.0945013062082387,0.1758362255546988,Mon Jan  1 20:39:28 2024,456789,val
0.045785773014968,25,1.224863422729356,0.253680104031206,0.1177925427279998,0.0680553564174579,0.0964385203616208,0.1803966907051743,0.2484135240572139,0.1137296424136021,0.0642036573831182,0.041915545351601,0.0945013062082387,0.1758362255546988,Mon Jan  1 20:39:28 2024,456789,test
0.0457685120413343,30,1.2046893341818,0.2556566970090994,0.1183215273794969,0.0681524652159038,0.0971051734566472,0.184105811454325,0.2501430429128706,0.1141680405379804,0.0640469054801252,0.0414486222691845,0.0949513148271337,0.1794768272504384,Mon Jan  1 20:57:10 2024,456789,val
0.0457685120413343,30,1.2046893341818,0.2556566970090994,0.1183215273794969,0.0681524652159038,0.0971051734566472,0.184105811454325,0.2501430429128706,0.1141680405379804,0.0640469054801252,0.0414486222691845,0.0949513148271337,0.1794768272504384,Mon Jan  1 20:57:10 2024,456789,test
0.0451582596008639,6,3.0867278004944403,0.2769310793237935,0.1244683412841645,0.0691290234318203,0.1135059433121272,0.1928023009304045,0.2717295188556531,0.1204382654920773,0.0651091321846289,0.0409371265587452,0.1115423535611913,0.1909474242680005,Mon Jan  1 21:25:18 2024,456789,val
0.0451582596008639,6,3.0867278004944403,0.2769310793237935,0.1244683412841645,0.0691290234318203,0.1135059433121272,0.1928023009304045,0.2717295188556531,0.1204382654920773,0.0651091321846289,0.0409371265587452,0.1115423535611913,0.1909474242680005,Mon Jan  1 21:25:18 2024,456789,test
0.0437907642875378,7,2.87096480844041,0.2786215864759391,0.1250965871216463,0.0683245176469906,0.1104825793916817,0.1908776674033969,0.2740702210663163,0.1211194707343802,0.0645858234589619,0.0400168564644639,0.1085192677118951,0.1892162007335911,Mon Jan  1 21:49:45 2024,456789,val
0.0437907642875378,7,2.87096480844041,0.2786215864759391,0.1250965871216463,0.0683245176469906,0.1104825793916817,0.1908776674033969,0.2740702210663163,0.1211194707343802,0.0645858234589619,0.0400168564644639,0.1085192677118951,0.1892162007335911,Mon Jan  1 21:49:45 2024,456789,test
0.0460281374614173,10,2.132844601298824,0.2557737321196325,0.1187312234145275,0.0685361093522126,0.0965447734927661,0.184503625510579,0.250455136540959,0.1146847307170909,0.0646462364568886,0.0420348723344981,0.0946919122607818,0.1797463209702345,Tue Jan  2 00:38:45 2024,456789,val
0.0460281374614173,10,2.132844601298824,0.2557737321196325,0.1187312234145275,0.0685361093522126,0.0965447734927661,0.184503625510579,0.250455136540959,0.1146847307170909,0.0646462364568886,0.0420348723344981,0.0946919122607818,0.1797463209702345,Tue Jan  2 00:38:45 2024,456789,test
0.0459162370197961,18,1.6160881505971496,0.2564369310793205,0.1186013856962273,0.0683798522320268,0.0977493113244218,0.181269147890911,0.2506631989596846,0.1144306374420402,0.0644393246097349,0.041946083336683,0.0956913888870511,0.1765698828473361,Tue Jan  2 00:41:23 2024,456789,val
0.0458222878870521,23,1.5766171952745889,0.2538361508452502,0.1178429138120607,0.0681277329868823,0.0964179745061633,0.1804750991898051,0.2486085825747692,0.1138890345612116,0.0643468741555868,0.0420217982499197,0.0945253174245212,0.1759147121613667,Tue Jan  2 00:41:23 2024,456789,test
0.0458870225539365,24,1.2388587589333286,0.254122236670998,0.1181073031386425,0.0682560916056603,0.0966068459559823,0.1806739762772854,0.2489986996098797,0.1142220079352694,0.064569266505156,0.0421427361736232,0.0947963005497044,0.1761408862519936,Tue Jan  2 02:04:13 2024,456789,val
0.0458870225539365,24,1.2388587589333286,0.254122236670998,0.1181073031386425,0.0682560916056603,0.0966068459559823,0.1806739762772854,0.2489986996098797,0.1142220079352694,0.064569266505156,0.0421427361736232,0.0947963005497044,0.1761408862519936,Tue Jan  2 02:04:13 2024,456789,test
0.0457696763444301,8,1.7390844722306271,0.2558777633289953,0.1185570869979222,0.0682428891477197,0.0970101411824032,0.1842854948556642,0.2503771131339369,0.1143796954984135,0.0641822769165541,0.0415760968143352,0.0950801483461337,0.1795814760593291,Tue Jan  2 02:19:42 2024,456789,val
0.0457696763444301,8,1.7390844722306271,0.2558777633289953,0.1185570869979222,0.0682428891477197,0.0970101411824032,0.1842854948556642,0.2503771131339369,0.1143796954984135,0.0641822769165541,0.0415760968143352,0.0950801483461337,0.1795814760593291,Tue Jan  2 02:19:42 2024,456789,test
0.0458796791606591,26,1.594034348366242,0.2562808842652762,0.1185510977043592,0.0683072711034656,0.097767786713749,0.1811907394062802,0.2504681404421294,0.1142710000028752,0.0642956611759628,0.0418394863609267,0.0956542834364961,0.1764783151395567,Tue Jan  2 02:34:05 2024,456789,val
0.0458796791606591,26,1.594034348366242,0.2562808842652762,0.1185510977043592,0.0683072711034656,0.097767786713749,0.1811907394062802,0.2504681404421294,0.1142710000028752,0.0642956611759628,0.0418394863609267,0.0956542834364961,0.1764783151395567,Tue Jan  2 02:34:05 2024,456789,test
0.0452949714312369,14,1.699042799508366,0.253680104031206,0.1166126685338633,0.0673226009988978,0.0963125166333418,0.1821015757141304,0.2484135240572139,0.1125036831271927,0.0635479394810006,0.0415221680743996,0.0942128811802272,0.1775351456393822,Tue Jan  2 03:24:37 2024,456789,val
0.0452949714312369,14,1.699042799508366,0.253680104031206,0.1166126685338633,0.0673226009988978,0.0963125166333418,0.1821015757141304,0.2484135240572139,0.1125036831271927,0.0635479394810006,0.0415221680743996,0.0942128811802272,0.1775351456393822,Tue Jan  2 03:24:37 2024,456789,test
0.0464698496354176,5,3.0746031335042727,0.2553055916774999,0.1185659630441967,0.0688024595090549,0.0975702876968352,0.1845030860787665,0.2501040312093595,0.1148906125451345,0.0653310912708242,0.0427682199321449,0.0959215824043626,0.1796193968602361,Tue Jan  2 06:42:21 2024,456789,val
0.0464698496354176,5,3.0746031335042727,0.2553055916774999,0.1185659630441967,0.0688024595090549,0.0975702876968352,0.1845030860787665,0.2501040312093595,0.1148906125451345,0.0653310912708242,0.0427682199321449,0.0959215824043626,0.1796193968602361,Tue Jan  2 06:42:21 2024,456789,test
0.0073796178531873,15,1.3147350513656055,0.1964889466840026,0.0469480145400297,0.0152808422375059,0.0811564760030229,0.1335911969529094,0.1927438231469415,0.0462254013593456,0.0157957865111361,0.0079340829901037,0.0815531611963464,0.1338228302212229,Tue Jan  2 06:43:20 2024,456789,val
0.0073731806913014,30,1.199275309418574,0.1960338101430403,0.0468661457582884,0.0152630724010138,0.0812237686336682,0.1333579839596437,0.1924317295188531,0.0463518462447877,0.015937615108751,0.0079874526780009,0.0817469309730068,0.1335873704012188,Tue Jan  2 06:43:20 2024,456789,test
0.003625782245084,4,4.809684177213899,0.1283745123537044,0.0348921101668894,0.012257511290956,0.0310409436097302,0.1213293174895824,0.1294928478543546,0.0365407075293186,0.0127141254631526,0.0034259644498899,0.0318343211208828,0.1217734135019891,Tue Jan  2 07:31:08 2024,456789,val
0.003625782245084,4,4.809684177213899,0.1283745123537044,0.0348921101668894,0.012257511290956,0.0310409436097302,0.1213293174895824,0.1294928478543546,0.0365407075293186,0.0127141254631526,0.0034259644498899,0.0318343211208828,0.1217734135019891,Tue Jan  2 07:31:08 2024,456789,test
0.0225510062011262,5,2.2113424255446046,0.2268010403120906,0.0953216768479352,0.047412668474279,0.0931199664488868,0.1514624461826974,0.2252665799739892,0.094702312449906,0.0470463138747092,0.022357999417305,0.0936797657300946,0.1512823129068211,Tue Jan  2 07:58:30 2024,456789,val
0.0225510062011262,5,2.2113424255446046,0.2268010403120906,0.0953216768479352,0.047412668474279,0.0931199664488868,0.1514624461826974,0.2252665799739892,0.094702312449906,0.0470463138747092,0.022357999417305,0.0936797657300946,0.1512823129068211,Tue Jan  2 07:58:30 2024,456789,test
0.0459130247719115,9,2.7782988241826447,0.2539921976592945,0.1180488221883235,0.0682203168426336,0.0965560614324393,0.1805762959844763,0.248751625487643,0.1140507866923812,0.0644632143860018,0.0421388887368817,0.0946353651555276,0.1759801176669234,Tue Jan  2 13:15:19 2024,456789,val
0.0459130247719115,9,2.7782988241826447,0.2539921976592945,0.1180488221883235,0.0682203168426336,0.0965560614324393,0.1805762959844763,0.248751625487643,0.1140507866923812,0.0644632143860018,0.0421388887368817,0.0946353651555276,0.1759801176669234,Tue Jan  2 13:15:19 2024,456789,test
0.0464747875133674,8,2.8427601690042,0.2478933680103998,0.1170409781957937,0.068535251443348,0.0944026829712295,0.1851763460947434,0.2430039011703479,0.113810380954045,0.0654200403470458,0.0430725834538907,0.0927744371964068,0.1804441522801655,Tue Jan  2 14:13:04 2024,456789,val
0.0464747875133674,8,2.8427601690042,0.2478933680103998,0.1170409781957937,0.068535251443348,0.0944026829712295,0.1851763460947434,0.2430039011703479,0.113810380954045,0.0654200403470458,0.0430725834538907,0.0927744371964068,0.1804441522801655,Tue Jan  2 14:13:04 2024,456789,test
0.0994188428417495,24,1.5952179212830429,0.2693634187713682,0.1747817061164394,0.1274691093669434,0.1195304072729161,0.2354976886077685,0.2496445435232596,0.1565046348793855,0.11155382450581,0.0855086052673248,0.1106527019952549,0.2260206870019921,Thu Jan  4 11:38:53 2024,456789,val
0.0994188428417495,24,1.5952179212830429,0.2693634187713682,0.1747817061164394,0.1274691093669434,0.1195304072729161,0.2354976886077685,0.2496445435232596,0.1565046348793855,0.11155382450581,0.0855086052673248,0.1106527019952549,0.2260206870019921,Thu Jan  4 11:38:53 2024,456789,test
0.0394560281090867,30,3.1862685663531134,0.2383355006501919,0.1027594501091738,0.0592303218982046,0.0892394097132374,0.1677472343784154,0.2335890767230138,0.099628281766973,0.0562457101832107,0.0361636555429078,0.0871248519690922,0.1640184698846089,Thu Jan  4 21:49:28 2024,456789,val
0.0392554199566281,20,3.213299367484795,0.2444343302990865,0.108150845555549,0.0607002483457466,0.0910971409689517,0.1807038884219759,0.2398179453836119,0.1050311553104008,0.0578559334152436,0.0363030354214102,0.0890799776537196,0.1774314753491287,Thu Jan  4 21:49:28 2024,456789,test
0.041197262742757,21,3.201987003299598,0.2417945383615053,0.1124304663944054,0.0633536445211857,0.091876927006545,0.180656508100245,0.2362548764629358,0.1085786081679759,0.0595364165947774,0.0373922855859654,0.0899118296150398,0.1764098096095462,Thu Jan  4 22:23:00 2024,456789,val
0.041197262742757,21,3.201987003299598,0.2417945383615053,0.1124304663944054,0.0633536445211857,0.091876927006545,0.180656508100245,0.2362548764629358,0.1085786081679759,0.0595364165947774,0.0373922855859654,0.0899118296150398,0.1764098096095462,Thu Jan  4 22:23:00 2024,456789,test
0.012659688806496,7,1.8585701727626849,0.2026137841352379,0.0627178184629656,0.0256150444910104,0.0706455594227085,0.1441109686943186,0.197061118335498,0.0592883807529717,0.0245956978216092,0.0121430132114287,0.0691191610602494,0.1422491890923745,Sat Jan  6 07:56:57 2024,456789,val
0.010765412775618,6,2.0053069898870777,0.1891157347204136,0.0602019710976954,0.0229393395161712,0.0785310589368792,0.1487037066658719,0.1918465539661873,0.0631192993050476,0.0270645657634828,0.0141302255378558,0.0809419562284611,0.1496591054203035,Sat Jan  6 07:56:57 2024,456789,test
0.0677776063087146,14,1.376197649456648,0.2764601807113496,0.150557840463341,0.0959804951387144,0.105847658747751,0.2003946460116721,0.2702658248826311,0.141918404740677,0.0868055945395642,0.0592187094823942,0.1019359007969743,0.1946108638748818,Sun Jan  7 09:32:14 2024,456789,val
0.0654118488121307,18,1.2882999341416577,0.2509553662845866,0.1376437280361042,0.0900167599986719,0.1016047490503871,0.1923943432895639,0.2374597114642773,0.127443428829887,0.0824568558213179,0.0593731797825525,0.0954547646795058,0.1852724517805865,Sun Jan  7 09:32:14 2024,456789,test
0.1895679552830471,22,1.1546318171617318,0.4257709275026868,0.3054789709778319,0.2361757275131287,0.1859505357603936,0.3495296055751685,0.4008101050917379,0.2833463154719041,0.2168345823321041,0.1728020333532612,0.1735841971403758,0.3315691065263819,Mon Jan  8 10:22:27 2024,456789,val
0.1895679552830471,22,1.1546318171617318,0.4257709275026868,0.3054789709778319,0.2361757275131287,0.1859505357603936,0.3495296055751685,0.4008101050917379,0.2833463154719041,0.2168345823321041,0.1728020333532612,0.1735841971403758,0.3315691065263819,Mon Jan  8 10:22:27 2024,456789,test
0.1854480330519426,30,1.5837523580416164,0.4099394065646508,0.2951411867132874,0.2296434112759729,0.1797438150398729,0.3393186780512545,0.3988103564692152,0.2801139013700867,0.2138749297756441,0.1699310028911202,0.1727359390182834,0.331209495313559,Tue Jan  9 08:53:09 2024,456789,val
0.1833169884492602,23,1.5934872530759234,0.4100057803466762,0.2940795610113794,0.2278132640163521,0.1794204816371101,0.3389191656763772,0.4020767441604236,0.2828888407069284,0.2163787780008037,0.1723391922042541,0.1743595288561575,0.3339618846587842,Tue Jan  9 08:53:09 2024,456789,test
0.0390662774751945,15,3.085446947582444,0.2408062418725586,0.1074924443860586,0.0598605071925622,0.0894621728215985,0.1833677334196221,0.2372951885565638,0.1055310373360786,0.0578486326523472,0.0372391583711055,0.0879208562585449,0.1797857322794967,Tue Jan  9 17:51:28 2024,456789,val
0.0390662774751945,15,3.085446947582444,0.2408062418725586,0.1074924443860586,0.0598605071925622,0.0894621728215985,0.1833677334196221,0.2372951885565638,0.1055310373360786,0.0578486326523472,0.0372391583711055,0.0879208562585449,0.1797857322794967,Tue Jan  9 17:51:28 2024,456789,test
0.0402343679992864,28,3.1931566445372503,0.2359037711313363,0.1069155814526652,0.0610754263267073,0.0881760819310576,0.1764652428781531,0.2300910273081894,0.1029965393031631,0.0572355277306617,0.0363947387093531,0.0857819486940624,0.1725695124885203,Tue Jan  9 17:54:25 2024,456789,val
0.0402343679992864,28,3.1931566445372503,0.2359037711313363,0.1069155814526652,0.0610754263267073,0.0881760819310576,0.1764652428781531,0.2300910273081894,0.1029965393031631,0.0572355277306617,0.0363947387093531,0.0857819486940624,0.1725695124885203,Tue Jan  9 17:54:25 2024,456789,test
0.1722675067672823,15,1.7208031031796018,0.3873105417988918,0.2759421772711643,0.2136578813958943,0.1690235776813292,0.3229407030966867,0.3767674761522255,0.2644542115830829,0.2018532767023788,0.1604677026976572,0.1635955043621824,0.3161911028145679,Wed Jan 10 20:48:37 2024,456789,val
0.1722189861350389,18,1.6922274332430567,0.3867724951936896,0.2758300225783304,0.213719783403078,0.1685867967190334,0.3232264554213595,0.3803540896153764,0.2698231587043696,0.2075360318757931,0.1661250251301058,0.166369508234862,0.3204588241925328,Wed Jan 10 20:48:37 2024,456789,test
0.1800161732142454,33,1.64794299621571,0.3987173050601714,0.2876560154729609,0.223611788679478,0.1745002845840889,0.3341980159154957,0.3817978921190557,0.2689784412025534,0.2053744457386753,0.1629989679378021,0.1678849120235985,0.3205949663562036,Thu Jan 11 10:24:01 2024,456789,val
0.1769522691717872,25,1.652649973700809,0.3951423154350136,0.284112167493926,0.2202658225183404,0.1728798164406487,0.3323380070088462,0.3835394655333926,0.2708486051876414,0.2072294044616425,0.1648375033532527,0.1684754504062519,0.3221560586016022,Thu Jan 11 10:24:01 2024,456789,test
0.1893825766807425,16,1.6454334900458918,0.4156443702147558,0.3010799187320908,0.2346284711247342,0.1838936327403839,0.3465848919266567,0.4031373292222754,0.2865242277253098,0.2199567513120452,0.1756983945153955,0.1773623725248826,0.33519095249776,Fri Jan 12 04:31:29 2024,456789,val
0.1848292154487148,15,1.6566942404999223,0.4108856372214939,0.2958909352126092,0.2296349510772571,0.1809492489743522,0.3412014353399775,0.4047412354344898,0.289521205593821,0.2233442535801843,0.1790767970046786,0.1776956728764784,0.336296152467113,Fri Jan 12 04:31:29 2024,456789,test
0.1965498475985183,24,1.5991850097873217,0.4253093522356456,0.3098910672800771,0.2423586595722438,0.1884117341343142,0.3545299543835447,0.4065312867876934,0.2900864650937491,0.2235888800796212,0.1794154181616473,0.179109302449887,0.3385557815905521,Fri Jan 12 04:54:36 2024,456789,val
0.1952219600142736,30,1.5920350937141283,0.4234492602561952,0.3083467371632561,0.2409330040768186,0.1872767099981874,0.3526866983183989,0.4111751253501944,0.2938390076183674,0.2267840642620414,0.18228290576713,0.1806248139916089,0.3406203948083564,Fri Jan 12 04:54:36 2024,456789,test
0.1132774498124881,29,1.5885623058507652,0.3295474567312209,0.2090227658153882,0.1496157952737883,0.1351177118363027,0.2575726909862487,0.3203225365586945,0.1967548704322341,0.1366253521997074,0.1011357839521532,0.128936101223533,0.2534423769630654,Fri Jan 12 05:51:51 2024,456789,val
0.1132774498124881,29,1.5885623058507652,0.3295474567312209,0.2090227658153882,0.1496157952737883,0.1351177118363027,0.2575726909862487,0.3203225365586945,0.1967548704322341,0.1366253521997074,0.1011357839521532,0.128936101223533,0.2534423769630654,Fri Jan 12 05:51:51 2024,456789,test
0.2016708441481354,26,1.6173178177176744,0.4294463999427622,0.3153025164430465,0.2478184467317396,0.1904349546305809,0.3592865214702794,0.4062237022781922,0.2892203602500015,0.2222930366602876,0.1776200693756742,0.17805188056887,0.3388520089019849,Sat Jan 13 09:24:06 2024,456789,val
0.2006259456224443,35,1.612828048950083,0.4278176135059729,0.3137156132500835,0.2465127448317615,0.189605236105966,0.3575739554522817,0.4070677631650607,0.2896557382103424,0.2228312698001959,0.1783507144214693,0.1783611030261803,0.3394224712997829,Sat Jan 13 09:24:06 2024,456789,test
0.1971642016119933,27,1.6348801513731732,0.4221967654945679,0.308699397369679,0.2423874186108029,0.1873813761746,0.3524722235034286,0.4045118307679009,0.2886512257284772,0.2226198237335624,0.1785806132733241,0.1775582622929678,0.3373219065123344,Sat Jan 13 11:56:05 2024,456789,val
0.1959511548420797,30,1.6335313076708071,0.4215631851345677,0.307510611222716,0.2411046142000582,0.1867370407080089,0.3513371298581166,0.4054211987771746,0.2896325837638149,0.2235859900597737,0.1794220065429669,0.1782112182190665,0.3376299025814531,Sat Jan 13 11:56:05 2024,456789,test
0.1766944482294604,28,1.155449237152498,0.4025247729462778,0.2859596956950559,0.2204176876196948,0.1760012958284986,0.328051260354705,0.3834583331488563,0.2645355838889126,0.200146257017177,0.1588804163936584,0.1635976508997293,0.3110297819859123,Sun Jan 14 01:29:54 2024,456789,val
0.1728704371052166,17,1.2315315243149825,0.3984746473203263,0.2823237895441968,0.21661716214299,0.1743753578015599,0.3259103994517834,0.3841555382179568,0.2671675680719294,0.2034948911207503,0.1626073529468017,0.1656832493823925,0.3158930020457863,Sun Jan 14 01:29:54 2024,456789,test
0.1920613605331065,30,1.613751195388106,0.4225698079226418,0.3053798248808434,0.2378510387636711,0.1852960154497894,0.3487678606011491,0.4022958161972436,0.2859483892763756,0.2195768008930747,0.1751446763715023,0.1750871715696569,0.3347306315036027,Sun Jan 14 07:13:59 2024,456789,val
0.1899799883899898,26,1.6169384957747763,0.4204944737980816,0.30310914745992,0.2355929113194784,0.1844333852407765,0.3476991854379127,0.4036915686285349,0.2867655824594863,0.2199791680627419,0.1752875976608934,0.1755769140226974,0.3358481413729531,Sun Jan 14 07:13:59 2024,456789,test
0.1932049658049393,19,1.6459132102687488,0.418334176417811,0.3042512757549553,0.2380493113172827,0.1843457808596927,0.3470144230286481,0.404716893360156,0.2867856836712124,0.2197837094321253,0.1754541822284109,0.1766979195896708,0.3373786977377307,Mon Jan 15 07:39:11 2024,456789,val
0.1924758886646524,33,1.6195457535365934,0.4193874562560722,0.3046875249552083,0.2377189291414584,0.1845670047721518,0.347641577903319,0.4067792064438138,0.289022121495015,0.2222381412825655,0.1777443016990785,0.1774619315387756,0.3390965727942517,Mon Jan 15 07:39:11 2024,456789,test
0.1993215300456555,37,1.612402267844909,0.4304082129154168,0.313756225354385,0.2455829675967209,0.1898134216469935,0.355761580001066,0.4097025525622525,0.2935591664321547,0.2263521755943996,0.1812501318114711,0.1784561147416624,0.3405993997703646,Mon Jan 15 08:41:16 2024,456789,val
0.1975071802864783,35,1.610485027214786,0.4291014021520639,0.3121047690666265,0.2438224052814563,0.1890325459103117,0.3546629788403369,0.4094862065965325,0.2935363132130585,0.2265350106901457,0.1816001367350277,0.1784691227348917,0.3407077608325425,Mon Jan 15 08:41:16 2024,456789,test
0.1933468329254713,22,1.5955444779997916,0.4199953457433103,0.3050806959440995,0.2385299943185583,0.1859248375716904,0.3505272952997275,0.4048145485792417,0.289057378075242,0.2226896399217993,0.1782933040151778,0.1774009816897228,0.3367420413169875,Mon Jan 15 09:41:59 2024,456789,val
0.1928006874676236,24,1.5908372792329335,0.418535098650698,0.3039872415357573,0.2377084273430874,0.1852060772622194,0.3494468319554391,0.4052896019693263,0.2901705325787992,0.2239269374702638,0.1795452451397541,0.1783100159535628,0.3381746523361855,Mon Jan 15 09:41:59 2024,456789,test
0.1163500078134047,31,2.9176030974152107,0.3226408661612834,0.2177985727025335,0.1571556388176403,0.1324585927421973,0.2674164279822154,0.3191274705994266,0.2119422035623724,0.1510954718664248,0.1108865224501665,0.1308016667351617,0.2646066255431548,Tue Jan 16 04:29:49 2024,456789,val
0.1151486193104934,26,2.920389707889336,0.3211046035066163,0.2162995052319697,0.1558819982112352,0.1318466375988958,0.2669849514779717,0.3208775169424473,0.2134703524477858,0.1523443523678372,0.1118243797163041,0.1314167181392924,0.2660032331500122,Tue Jan 16 04:29:49 2024,456789,test
0.1656666849245744,24,2.153675915670953,0.3941670933726937,0.2773770526110028,0.2102478310077934,0.1695285839946426,0.3248838262979353,0.3831828707068923,0.2663212513708795,0.2003011519742146,0.1565591576231608,0.1623894477277345,0.3147435189018528,Tue Jan 16 12:39:40 2024,456789,val
0.1637244697037911,19,2.1689922089709066,0.3924548208091566,0.274875577411643,0.2081396614648745,0.1680879668658668,0.3228520097603173,0.3818347544501385,0.265618135216264,0.2003761273523002,0.1570525718897495,0.162341199560276,0.3156213598934125,Tue Jan 16 12:39:40 2024,456789,test
0.049448415155385,26,2.573289893717736,0.2748241874609645,0.1373034603305925,0.0790677885059086,0.098884932324965,0.1932497669615804,0.2615592351127927,0.1262494722911582,0.0711197521576496,0.0434255719105283,0.0936461738906148,0.1837463522316675,Sun Jan 21 07:10:48 2024,456789,val
0.049448415155385,26,2.573289893717736,0.2748241874609645,0.1373034603305925,0.0790677885059086,0.098884932324965,0.1932497669615804,0.2615592351127927,0.1262494722911582,0.0711197521576496,0.0434255719105283,0.0936461738906148,0.1837463522316675,Sun Jan 21 07:10:48 2024,456789,test
0.0365292545382168,5,2.2622990843649804,0.2124887124790346,0.1003086454922369,0.0574319432432276,0.0811924291539347,0.1597740344108888,0.2107197093732849,0.0976063862028806,0.0541818838092851,0.0330744807819391,0.0789532535101956,0.1582153816161014,Sun Jan 21 13:31:20 2024,456789,val
0.0365292545382168,5,2.2622990843649804,0.2124887124790346,0.1003086454922369,0.0574319432432276,0.0811924291539347,0.1597740344108888,0.2107197093732849,0.0976063862028806,0.0541818838092851,0.0330744807819391,0.0789532535101956,0.1582153816161014,Sun Jan 21 13:31:20 2024,456789,test
0.0832986608128533,30,3.041216642831989,0.2662295346514202,0.1665165322491746,0.1153358728322493,0.106625145195597,0.221803963805843,0.2587407450848887,0.1597345427919344,0.1082270187662969,0.0757847800443463,0.102976892738773,0.2184364002872991,Sun Jan 21 17:21:14 2024,456789,val
0.0832986608128533,30,3.041216642831989,0.2662295346514202,0.1665165322491746,0.1153358728322493,0.106625145195597,0.221803963805843,0.2587407450848887,0.1597345427919344,0.1082270187662969,0.0757847800443463,0.102976892738773,0.2184364002872991,Sun Jan 21 17:21:14 2024,456789,test
0.067945253388372,28,2.473010689460991,0.2385598221459548,0.1382050546216192,0.0932818912846819,0.0994230722751356,0.2008120595297716,0.2389516330992057,0.1385907538842819,0.0903025045853273,0.0627137262861368,0.0992752123480886,0.2004688437702076,Sun Jan 21 19:20:19 2024,456789,val
0.0665674593401427,30,2.4726671584250868,0.2382327528892861,0.1367828343565307,0.0917330579441558,0.0985477958011899,0.199813857386265,0.2403268938184588,0.1388652725937323,0.0902745934219205,0.0627698280896946,0.0997706599540146,0.2008522953400196,Sun Jan 21 19:20:19 2024,456789,test
0.0931410739450857,26,2.2569886844300013,0.2828318068530036,0.175554091566582,0.1236366209929575,0.1184029810123881,0.2337275714302712,0.270733117496503,0.1636942766230018,0.1117072176594325,0.0817006074475287,0.1121230088996185,0.2263089573296754,Mon Jan 22 02:32:48 2024,456789,val
0.0923146596075177,27,2.256110493205149,0.2806743364407732,0.1738874177782678,0.1224518136235766,0.1177862055839632,0.2329801690967512,0.2714412916045762,0.1645031508529706,0.1123317637920865,0.0821901778498594,0.112765884887815,0.2266610910641991,Mon Jan 22 02:32:48 2024,456789,test
0.0751240209280265,27,3.8135595367676416,0.2798572598278214,0.1714142351629332,0.1124715852787066,0.105283135806052,0.2382627981047684,0.273472649999544,0.1646813346435603,0.1061376458459884,0.0697404012411755,0.1013180513758229,0.2333421165623164,Mon Jan 22 07:30:42 2024,456789,val
0.0728485920407549,22,3.820860662680453,0.2781310010344503,0.1691504839833641,0.1100131850303654,0.1043161173368861,0.235559792366571,0.2742968580953015,0.1656612743865062,0.1073404182638982,0.0710012128895343,0.101607956617687,0.2336377845190934,Mon Jan 22 07:30:42 2024,456789,test
0.0608791540550838,24,3.944519735523954,0.2469358590069414,0.1451890233149313,0.0935839111645882,0.0914212715356625,0.2098826004305627,0.2364798672419267,0.1346979104679793,0.0840678286813978,0.05308310990537,0.0859187849076245,0.2045203193987662,Tue Jan 30 16:19:43 2024,456789,val
0.0601081421648775,30,3.9399126780901215,0.2453145177385802,0.1442325854870148,0.0927377266832365,0.0905090369136635,0.2089630796155349,0.2370148639476066,0.1351321411830296,0.0847531016988984,0.05386845193874,0.085959513854081,0.2046992268595535,Tue Jan 30 16:19:43 2024,456789,test
0.0608791540550838,24,3.944519735523954,0.2469358590069414,0.1451890233149313,0.0935839111645882,0.0914212715356625,0.2098826004305627,0.2364798672419267,0.1346979104679793,0.0840678286813978,0.05308310990537,0.0859187849076245,0.2045203193987662,Sat Feb  3 09:11:58 2024,456789,val
0.0601081421648775,30,3.9399126780901215,0.2453145177385802,0.1442325854870148,0.0927377266832365,0.0905090369136635,0.2089630796155349,0.2370148639476066,0.1351321411830296,0.0847531016988984,0.05386845193874,0.085959513854081,0.2046992268595535,Sat Feb  3 09:11:58 2024,456789,test
0.0675822207930474,12,1.8285817304536487,0.2861091762160233,0.152523919635802,0.0962538109108903,0.1082595001081577,0.2041086695190062,0.2876461346118997,0.1498280731308161,0.0911963337584602,0.0614927787867049,0.107805273911507,0.2011804801077635,Wed Mar  6 19:17:41 2024,456789,val
0.0675822207930474,12,1.8285817304536487,0.2861091762160233,0.152523919635802,0.0962538109108903,0.1082595001081577,0.2041086695190062,0.2876461346118997,0.1498280731308161,0.0911963337584602,0.0614927787867049,0.107805273911507,0.2011804801077635,Wed Mar  6 19:17:41 2024,456789,test
0.0461074576989291,8,2.004684211913937,0.2544993498049381,0.118477398284799,0.0685838977417521,0.0953404050244289,0.1843535820163173,0.2493368010403088,0.1144856268940758,0.0646547113828999,0.0421483088007805,0.0935811756540631,0.1797647377159858,Wed Mar  6 19:24:02 2024,456789,val
0.0461074576989291,8,2.004684211913937,0.2544993498049381,0.118477398284799,0.0685838977417521,0.0953404050244289,0.1843535820163173,0.2493368010403088,0.1144856268940758,0.0646547113828999,0.0421483088007805,0.0935811756540631,0.1797647377159858,Wed Mar  6 19:24:02 2024,456789,test
0.0620349296047563,8,1.991828693248942,0.2656680479451986,0.1403796326183569,0.0883284272507563,0.102552133861856,0.1975920149225402,0.2600158818045261,0.1355392339413597,0.084557915379441,0.0587252571071732,0.1007135098489949,0.1955264068043994,Thu Mar  7 07:36:27 2024,456789,val
0.055377627592833,7,2.0594369889913984,0.2421486122649633,0.124263127783201,0.0781103649954232,0.0977373616373919,0.1857679282091528,0.2509115517960482,0.1317251413304328,0.0837268319657806,0.0592827173364581,0.1006907053694778,0.193848566348427,Thu Mar  7 07:36:27 2024,456789,test
0.0453964562904908,12,1.401348980109756,0.254122236670998,0.1169285438651287,0.067523794038083,0.0964877224186474,0.1823396179829076,0.2489986996098797,0.112998499564942,0.0639143719347054,0.0417497911195076,0.0945075650405822,0.1778267252355657,Thu Mar  7 07:38:47 2024,456789,val
0.0453964562904908,12,1.401348980109756,0.254122236670998,0.1169285438651287,0.067523794038083,0.0964877224186474,0.1823396179829076,0.2489986996098797,0.112998499564942,0.0639143719347054,0.0417497911195076,0.0945075650405822,0.1778267252355657,Thu Mar  7 07:38:47 2024,456789,test
0.0454224535953271,17,1.7880993422329117,0.2539921976592945,0.1168700796085364,0.0674880226872587,0.0964150599759419,0.182228856588987,0.248751625487643,0.1128266440594742,0.0638080913007787,0.0417456683001681,0.09435818406512,0.1776659566504955,Thu Mar  7 07:57:50 2024,456789,val
0.0454224535953271,17,1.7880993422329117,0.2539921976592945,0.1168700796085364,0.0674880226872587,0.0964150599759419,0.182228856588987,0.248751625487643,0.1128266440594742,0.0638080913007787,0.0417456683001681,0.09435818406512,0.1776659566504955,Thu Mar  7 07:57:50 2024,456789,test
0.0459766119750063,10,1.6020072621810495,0.2538101430429095,0.1179782526504932,0.0682592559967794,0.0964285159717658,0.1805208679138608,0.2484785435630656,0.1137875586114811,0.0642532076096663,0.0419398047694579,0.0944554259584617,0.1759016310602554,Thu Mar  7 08:22:43 2024,456789,val
0.0459766119750063,10,1.6020072621810495,0.2538101430429095,0.1179782526504932,0.0682592559967794,0.0964285159717658,0.1805208679138608,0.2484785435630656,0.1137875586114811,0.0642532076096663,0.0419398047694579,0.0944554259584617,0.1759016310602554,Thu Mar  7 08:22:43 2024,456789,test
0.0605858104424772,8,1.986871244732208,0.2561737460001794,0.1360708947882275,0.0860212795320674,0.1003870430682985,0.1924168613915124,0.2546160340962535,0.1342293100252579,0.0838635958812386,0.0575827361415855,0.0993037737768311,0.1920884264804549,Thu Mar  7 19:46:02 2024,456789,val
0.0547977217694287,7,2.053388431646482,0.237763865867636,0.1243613132598344,0.0783327717571664,0.0943248820510119,0.1816947423719679,0.2451157770834566,0.129903677702636,0.0830041150556185,0.0585611140899908,0.0963458630639889,0.1892605326901023,Thu Mar  7 19:46:02 2024,456789,test
0.0674468248377443,11,1.867585077988388,0.2455101392741912,0.137850846928382,0.09181084699613,0.1002784579004408,0.19590376395772,0.2467945955780064,0.136522421484674,0.0878824806041819,0.0620521401524644,0.1004937828307917,0.1974823774498073,Thu Mar  7 20:39:53 2024,456789,val
0.0634075175280432,18,1.7624659056912124,0.2329467542875306,0.1302584845002121,0.0863667957476178,0.099460299162904,0.189552962019166,0.2348864721063459,0.1324108342060952,0.0879952028040995,0.0641506901549218,0.0996557457146562,0.1909396576511333,Thu Mar  7 20:39:53 2024,456789,test
0.0461334627430497,40,1.745108318618064,0.2543693107932346,0.118418914033361,0.0685481281797738,0.0952769003161693,0.1842559017235081,0.2490897269180721,0.1143144605698449,0.0645486615921167,0.042144696045626,0.0933983494253615,0.1796039691309157,Thu Mar  7 21:22:32 2024,456789,val
0.0461334627430497,40,1.745108318618064,0.2543693107932346,0.118418914033361,0.0685481281797738,0.0952769003161693,0.1842559017235081,0.2490897269180721,0.1143144605698449,0.0645486615921167,0.042144696045626,0.0933983494253615,0.1796039691309157,Thu Mar  7 21:22:32 2024,456789,test
0.0441502955260203,4,2.433862712306924,0.2436540962288654,0.1133994785435669,0.065818611534272,0.0926949030328476,0.1792890112572704,0.2388816644993467,0.1096823369841658,0.0620417714546582,0.0402769502005985,0.0909684619635823,0.1751807584105997,Thu Mar  7 21:51:29 2024,456789,val
0.0441502955260203,4,2.433862712306924,0.2436540962288654,0.1133994785435669,0.065818611534272,0.0926949030328476,0.1792890112572704,0.2388816644993467,0.1096823369841658,0.0620417714546582,0.0402769502005985,0.0909684619635823,0.1751807584105997,Thu Mar  7 21:51:29 2024,456789,test
0.0554972814798414,10,1.877601398513573,0.2261647324456764,0.1205955754707293,0.0777240695365257,0.0919368558377465,0.1761959930382465,0.2349783816759763,0.1228139993497922,0.0758425051178474,0.0520849452966258,0.094165844493486,0.1821366443780601,Fri Mar  8 09:35:08 2024,456789,val
0.0554972814798414,10,1.877601398513573,0.2261647324456764,0.1205955754707293,0.0777240695365257,0.0919368558377465,0.1761959930382465,0.2349783816759763,0.1228139993497922,0.0758425051178474,0.0520849452966258,0.094165844493486,0.1821366443780601,Fri Mar  8 09:35:08 2024,456789,test
0.0460062746327701,17,1.7720311121925498,0.2540572171651462,0.1181628178376815,0.0683832941942736,0.095166803981946,0.1841155397475401,0.248751625487643,0.1139934747356504,0.0642890096599489,0.0419211132949035,0.0932796720819013,0.1794731581198023,Fri Mar  8 10:02:16 2024,456789,val
0.0458870225539365,39,1.7393758887248247,0.254122236670998,0.1181073031386425,0.0682560916056603,0.0966068459559823,0.1806739762772854,0.2489986996098797,0.1142220079352694,0.064569266505156,0.0421427361736232,0.0947963005497044,0.1761408862519936,Fri Mar  8 10:02:16 2024,456789,test
0.0620849195193176,11,1.8557853316537,0.2408127621992549,0.1314613376514274,0.0859577768519815,0.0968954394635108,0.191754732147623,0.2398696711962179,0.1312532969481677,0.0849635228465307,0.0599916346617659,0.0960353271804474,0.1927818798496836,Fri Mar  8 10:57:51 2024,456789,val
0.0620849195193176,11,1.8557853316537,0.2408127621992549,0.1314613376514274,0.0859577768519815,0.0968954394635108,0.191754732147623,0.2398696711962179,0.1312532969481677,0.0849635228465307,0.0599916346617659,0.0960353271804474,0.1927818798496836,Fri Mar  8 10:57:51 2024,456789,test
0.04600064988706096,12,1.8497342001888974,0.2546814044213231,0.11840681008760644,0.06843770038886718,0.09673874625233088,0.18119591182630765,0.24912873862158322,0.11423750837693362,0.06457510793350847,0.04214559555630855,0.09484797768627365,0.1763340912362437,Fri Mar  8 11:15:57 2024,456789,val
0.04588702255393656,40,1.7490093688927446,0.254122236670998,0.11810730313864252,0.0682560916056603,0.09660684595598233,0.18067397627728543,0.2492180168908319,0.11441594356190243,0.06469158628564463,0.042226961587848326,0.09473393504014992,0.1759818794219504,Fri Mar  8 11:15:57 2024,456789,test
